3a:4a:4f:54:fb:4f,
ca:67:ac:41:ae:5f,
ca:67:ac:41:ae:5f,
da:af:5c:3f:09:cf,
de:bc:a4:f6:ca:ba,
3a:4a:4f:54:fb:4f,
da:af:5c:3f:09:cf,
8e:a2:f7:07:6a:51,
e6:a2:a8:c3:98:28,
3a:4a:4f:54:fb:4f,
fe:31:f1:2c:b4:17,
46:10:16:4b:0a:82,
ee:60:aa:be:39:dd,
32:0c:be:b4:87:19,
32:80:ac:e2:f9:b7,
da:af:5c:3f:09:cf,
3a:4a:4f:54:fb:4f,
aa:3a:7f:c6:26:3c,
ae:89:26:17:29:a8,
ae:89:26:17:29:a8,
fa:8c:30:22:97:34,
ee:60:aa:be:39:dd,
92:e1:6a:49:80:b9,
46:10:16:4b:0a:82,
32:80:ac:e2:f9:b7,
92:e1:6a:49:80:b9,
e6:a2:a8:c3:98:28,
aa:3a:7f:c6:26:3c,
da:af:5c:3f:09:cf,
fa:8c:30:22:97:34,
da:af:5c:3f:09:cf,
3a:4a:4f:54:fb:4f,
92:e1:6a:49:80:b9,
32:0c:be:b4:87:19,
92:e1:6a:49:80:b9,
2e:60:72:f6:9e:17,
fe:31:f1:2c:b4:17,
2e:60:72:f6:9e:17,
de:bc:a4:f6:ca:ba,
2e:60:72:f6:9e:17,
46:10:16:4b:0a:82,
ee:60:aa:be:39:dd,
46:10:16:4b:0a:82,
32:80:ac:e2:f9:b7,
fe:31:f1:2c:b4:17,
ca:67:ac:41:ae:5f,
fa:8c:30:22:97:34,
32:80:ac:e2:f9:b7,
fe:31:f1:2c:b4:17,
de:bc:a4:f6:ca:ba,
8e:a2:f7:07:6a:51,
ca:67:ac:41:ae:5f,
8e:a2:f7:07:6a:51,
fa:8c:30:22:97:34,
32:80:ac:e2:f9:b7,
32:0c:be:b4:87:19,
ee:60:aa:be:39:dd,
ca:67:ac:41:ae:5f,
da:af:5c:3f:09:cf,
32:0c:be:b4:87:19,
ae:89:26:17:29:a8,
ca:67:ac:41:ae:5f,
46:10:16:4b:0a:82,
8e:a2:f7:07:6a:51,
da:af:5c:3f:09:cf,
92:e1:6a:49:80:b9,
3a:4a:4f:54:fb:4f,
fa:8c:30:22:97:34,
2e:60:72:f6:9e:17,
aa:3a:7f:c6:26:3c,
aa:3a:7f:c6:26:3c,
2e:60:72:f6:9e:17,
3a:4a:4f:54:fb:4f,
2e:60:72:f6:9e:17,
de:bc:a4:f6:ca:ba,
2e:60:72:f6:9e:17,
ee:60:aa:be:39:dd,
46:10:16:4b:0a:82,
8e:a2:f7:07:6a:51,
aa:3a:7f:c6:26:3c,
ae:89:26:17:29:a8,
46:10:16:4b:0a:82,
3a:4a:4f:54:fb:4f,
32:80:ac:e2:f9:b7,
ee:60:aa:be:39:dd,
3a:4a:4f:54:fb:4f,
2e:60:72:f6:9e:17,
ee:60:aa:be:39:dd,
ca:67:ac:41:ae:5f,
ee:60:aa:be:39:dd,
aa:3a:7f:c6:26:3c,
ca:67:ac:41:ae:5f,
ee:60:aa:be:39:dd,
2e:60:72:f6:9e:17,
fa:8c:30:22:97:34,
ca:67:ac:41:ae:5f,
3a:4a:4f:54:fb:4f,
aa:3a:7f:c6:26:3c,
8e:a2:f7:07:6a:51,
32:80:ac:e2:f9:b7,
aa:3a:7f:c6:26:3c,
ca:67:ac:41:ae:5f,
32:0c:be:b4:87:19,
aa:3a:7f:c6:26:3c,
92:e1:6a:49:80:b9,
3a:4a:4f:54:fb:4f,
3a:4a:4f:54:fb:4f,
92:e1:6a:49:80:b9,
da:af:5c:3f:09:cf,
da:af:5c:3f:09:cf,
ca:67:ac:41:ae:5f,
2e:60:72:f6:9e:17,
fa:8c:30:22:97:34,
46:10:16:4b:0a:82,
fe:31:f1:2c:b4:17,
e6:a2:a8:c3:98:28,
ca:67:ac:41:ae:5f,
de:bc:a4:f6:ca:ba,
e6:a2:a8:c3:98:28,
ca:67:ac:41:ae:5f,
fe:31:f1:2c:b4:17,
fe:31:f1:2c:b4:17,
92:e1:6a:49:80:b9,
ee:60:aa:be:39:dd,
da:af:5c:3f:09:cf,
2e:60:72:f6:9e:17,
46:10:16:4b:0a:82,
32:0c:be:b4:87:19,
e6:a2:a8:c3:98:28,
46:10:16:4b:0a:82,
ee:60:aa:be:39:dd,
aa:3a:7f:c6:26:3c,
de:bc:a4:f6:ca:ba,
ae:89:26:17:29:a8,
46:10:16:4b:0a:82,
8e:a2:f7:07:6a:51,
e6:a2:a8:c3:98:28,
8e:a2:f7:07:6a:51,
32:80:ac:e2:f9:b7,
de:bc:a4:f6:ca:ba,
fa:8c:30:22:97:34,
da:af:5c:3f:09:cf,
de:bc:a4:f6:ca:ba,
ae:89:26:17:29:a8,
2e:60:72:f6:9e:17,
fe:31:f1:2c:b4:17,
46:10:16:4b:0a:82,
2e:60:72:f6:9e:17,
ca:67:ac:41:ae:5f,
2e:60:72:f6:9e:17,
da:af:5c:3f:09:cf,
ae:89:26:17:29:a8,
de:bc:a4:f6:ca:ba,
ee:60:aa:be:39:dd,
92:e1:6a:49:80:b9,
fe:31:f1:2c:b4:17,
8e:a2:f7:07:6a:51,
32:80:ac:e2:f9:b7,
ae:89:26:17:29:a8,
fa:8c:30:22:97:34,
fa:8c:30:22:97:34,
92:e1:6a:49:80:b9,
ca:67:ac:41:ae:5f,
fe:31:f1:2c:b4:17,
32:80:ac:e2:f9:b7,
fa:8c:30:22:97:34,
32:0c:be:b4:87:19,
46:10:16:4b:0a:82,
92:e1:6a:49:80:b9,
ae:89:26:17:29:a8,
2e:60:72:f6:9e:17,
3a:4a:4f:54:fb:4f,
fe:31:f1:2c:b4:17,
8e:a2:f7:07:6a:51,
aa:3a:7f:c6:26:3c,
da:af:5c:3f:09:cf,
aa:3a:7f:c6:26:3c,
fa:8c:30:22:97:34,
ca:67:ac:41:ae:5f,
32:80:ac:e2:f9:b7,
92:e1:6a:49:80:b9,
fa:8c:30:22:97:34,
fe:31:f1:2c:b4:17,
e6:a2:a8:c3:98:28,
fe:31:f1:2c:b4:17,
da:af:5c:3f:09:cf,
fa:8c:30:22:97:34,
8e:a2:f7:07:6a:51,
32:80:ac:e2:f9:b7,
ee:60:aa:be:39:dd,
de:bc:a4:f6:ca:ba,
92:e1:6a:49:80:b9,
32:0c:be:b4:87:19,
aa:3a:7f:c6:26:3c,
aa:3a:7f:c6:26:3c,
fe:31:f1:2c:b4:17,
32:80:ac:e2:f9:b7,
46:10:16:4b:0a:82,
46:10:16:4b:0a:82,
92:e1:6a:49:80:b9,
92:e1:6a:49:80:b9,
8e:a2:f7:07:6a:51,
ae:89:26:17:29:a8,
aa:3a:7f:c6:26:3c,
de:bc:a4:f6:ca:ba,
32:80:ac:e2:f9:b7,
e6:a2:a8:c3:98:28,
aa:3a:7f:c6:26:3c,
de:bc:a4:f6:ca:ba,
32:0c:be:b4:87:19,
ca:67:ac:41:ae:5f,
ae:89:26:17:29:a8,
92:e1:6a:49:80:b9,
ee:60:aa:be:39:dd,
3a:4a:4f:54:fb:4f,
32:80:ac:e2:f9:b7,
32:80:ac:e2:f9:b7,
32:80:ac:e2:f9:b7,
3a:4a:4f:54:fb:4f,
92:e1:6a:49:80:b9,
ae:89:26:17:29:a8,
2e:60:72:f6:9e:17,
2e:60:72:f6:9e:17,
ee:60:aa:be:39:dd,
46:10:16:4b:0a:82,
e6:a2:a8:c3:98:28,
ca:67:ac:41:ae:5f,
fe:31:f1:2c:b4:17,
fe:31:f1:2c:b4:17,
92:e1:6a:49:80:b9,
ca:67:ac:41:ae:5f,
32:0c:be:b4:87:19,
ee:60:aa:be:39:dd,
fa:8c:30:22:97:34,
8e:a2:f7:07:6a:51,
ae:89:26:17:29:a8,
de:bc:a4:f6:ca:ba,
32:80:ac:e2:f9:b7,
8e:a2:f7:07:6a:51,
46:10:16:4b:0a:82,
fa:8c:30:22:97:34,
aa:3a:7f:c6:26:3c,
de:bc:a4:f6:ca:ba,
e6:a2:a8:c3:98:28,
8e:a2:f7:07:6a:51,
fe:31:f1:2c:b4:17,
da:af:5c:3f:09:cf,
de:bc:a4:f6:ca:ba,
fe:31:f1:2c:b4:17,
fa:8c:30:22:97:34,
32:80:ac:e2:f9:b7,
ae:89:26:17:29:a8,
3a:4a:4f:54:fb:4f,
32:0c:be:b4:87:19,
fe:31:f1:2c:b4:17,
46:10:16:4b:0a:82,
32:80:ac:e2:f9:b7,
32:80:ac:e2:f9:b7,
3a:4a:4f:54:fb:4f,
ee:60:aa:be:39:dd,
32:0c:be:b4:87:19,
46:10:16:4b:0a:82,
fa:8c:30:22:97:34,
3a:4a:4f:54:fb:4f,
92:e1:6a:49:80:b9,
de:bc:a4:f6:ca:ba,
ee:60:aa:be:39:dd,
ae:89:26:17:29:a8,
de:bc:a4:f6:ca:ba,
92:e1:6a:49:80:b9,
fa:8c:30:22:97:34,
fe:31:f1:2c:b4:17,
ca:67:ac:41:ae:5f,
aa:3a:7f:c6:26:3c,
3a:4a:4f:54:fb:4f,
aa:3a:7f:c6:26:3c,
da:af:5c:3f:09:cf,
2e:60:72:f6:9e:17,
fa:8c:30:22:97:34,
46:10:16:4b:0a:82,
e6:a2:a8:c3:98:28,
46:10:16:4b:0a:82,
46:10:16:4b:0a:82,
32:0c:be:b4:87:19,
2e:60:72:f6:9e:17,
8e:a2:f7:07:6a:51,
8e:a2:f7:07:6a:51,
de:bc:a4:f6:ca:ba,
ee:60:aa:be:39:dd,
de:bc:a4:f6:ca:ba,
32:0c:be:b4:87:19,
da:af:5c:3f:09:cf,
fa:8c:30:22:97:34,
32:0c:be:b4:87:19,
32:0c:be:b4:87:19,
ee:60:aa:be:39:dd,
2e:60:72:f6:9e:17,
ae:89:26:17:29:a8,
ae:89:26:17:29:a8,
fe:31:f1:2c:b4:17,
3a:4a:4f:54:fb:4f,
3a:4a:4f:54:fb:4f,
2e:60:72:f6:9e:17,
da:af:5c:3f:09:cf,
da:af:5c:3f:09:cf,
32:80:ac:e2:f9:b7,
aa:3a:7f:c6:26:3c,
46:10:16:4b:0a:82,
8e:a2:f7:07:6a:51,
da:af:5c:3f:09:cf,
2e:60:72:f6:9e:17,
8e:a2:f7:07:6a:51,
2e:60:72:f6:9e:17,
92:e1:6a:49:80:b9,
fa:8c:30:22:97:34,
da:af:5c:3f:09:cf,
ae:89:26:17:29:a8,
aa:3a:7f:c6:26:3c,
8e:a2:f7:07:6a:51,
